insert into usuarios (id, username, password, email, full_name, avatar, account_non_expired, account_non_locked, credentials_non_expired, enabled, roles, created_at, last_password_change_at) values ('751c3611-8882-5751-9f0d-d216dd047ebc', 'mhoggins0', '{bcrypt}$2a$12$m77uPBFFzvknI7wwVPcmYuJkhbJ.nJlyE5ZhH/vg9weFCilvfhzA.', 'miguel@gmail.com', 'Miguel Campos', 'avatar.png', true, true, true, true, 'ADMIN', '2021-09-26', '2021-09-26');
insert into usuarios (id, username, password, email, full_name, avatar, account_non_expired, account_non_locked, credentials_non_expired, enabled, roles, created_at, last_password_change_at) values ('17f0c8bc-f312-11ed-a05b-0242ac120003', 'Admin', '{bcrypt}$2a$12$m77uPBFFzvknI7wwVPcmYuJkhbJ.nJlyE5ZhH/vg9weFCilvfhzA.', 'admin@gmail.com', 'Cecilio Delgado', 'avatar.png', true, true, true, true, 'ADMIN', '2021-09-26', '2021-09-26');
insert into usuarios (id, username, password, email, full_name, avatar, account_non_expired, account_non_locked, credentials_non_expired, enabled, roles, created_at, last_password_change_at) values ('1e986dc8-f312-11ed-a05b-0242ac120003', 'Luismi', '{bcrypt}$2a$12$m77uPBFFzvknI7wwVPcmYuJkhbJ.nJlyE5ZhH/vg9weFCilvfhzA.', 'luismi@gmail.com', 'Luismi Lopez', 'avatar.png', true, true, true, true, 'ADMIN', '2021-09-26', '2021-09-26');
insert into usuarios (id, username, password, email, full_name, avatar, account_non_expired, account_non_locked, credentials_non_expired, enabled, roles, created_at, last_password_change_at) values ('27045c24-f312-11ed-a05b-0242ac120003', 'Xopin', '{bcrypt}$2a$12$m77uPBFFzvknI7wwVPcmYuJkhbJ.nJlyE5ZhH/vg9weFCilvfhzA.', 'xopin@gmail.com', 'Bolon Xopin', 'avatar.png', true, true, true, true, 'ADMIN', '2021-09-26', '2021-09-26');
insert into usuarios (id, username, password, email, full_name, avatar, account_non_expired, account_non_locked, credentials_non_expired, enabled, roles, created_at, last_password_change_at) values ('2c890410-f312-11ed-a05b-0242ac120003', 'Mario', '{bcrypt}$2a$12$m77uPBFFzvknI7wwVPcmYuJkhbJ.nJlyE5ZhH/vg9weFCilvfhzA.', 'mario@gmail.com', 'Mario Ruiz', 'avatar.png', true, true, true, true, 'ADMIN', '2021-09-26', '2021-09-26');
insert into usuarios (id, username, password, email, full_name, avatar, account_non_expired, account_non_locked, credentials_non_expired, enabled, roles, created_at, last_password_change_at) values ('e641d9ec-ca50-4002-b87b-464b6c7686a9', 'Jose', '{bcrypt}$2a$12$m77uPBFFzvknI7wwVPcmYuJkhbJ.nJlyE5ZhH/vg9weFCilvfhzA.', 'jose@gmail.com', 'Jose Rivas', 'avatar.png', true, true, true, true, 'USER', '2021-09-26', '2021-09-26');
insert into usuarios (id, username, password, email, full_name, avatar, account_non_expired, account_non_locked, credentials_non_expired, enabled, roles, created_at, last_password_change_at) values ('312dedd2-f312-11ed-a05b-0242ac120003', 'Maylor', '{bcrypt}$2a$12$m77uPBFFzvknI7wwVPcmYuJkhbJ.nJlyE5ZhH/vg9weFCilvfhzA.', 'maylor@gmail.com', 'Marylor Bustamante', 'avatar.png', true, true, true, true, 'USER', '2021-09-26', '2021-09-26');
insert into usuarios (id, username, password, email, full_name, avatar, account_non_expired, account_non_locked, credentials_non_expired, enabled, roles, created_at, last_password_change_at) values ('35f1c870-f312-11ed-a05b-0242ac120003', 'Victor', '{bcrypt}$2a$12$m77uPBFFzvknI7wwVPcmYuJkhbJ.nJlyE5ZhH/vg9weFCilvfhzA.', 'victor@gmail.com', 'Victor Rodriguez', 'avatar.png', true, true, true, true, 'USER', '2021-09-26', '2021-09-26');
insert into usuarios (id, username, password, email, full_name, avatar, account_non_expired, account_non_locked, credentials_non_expired, enabled, roles, created_at, last_password_change_at) values ('39ffecc6-f312-11ed-a05b-0242ac120003', 'David', '{bcrypt}$2a$12$m77uPBFFzvknI7wwVPcmYuJkhbJ.nJlyE5ZhH/vg9weFCilvfhzA.', 'david@gmail.com', 'David Pérez', 'avatar.png', true, true, true, true, 'USER', '2021-09-26', '2021-09-26');
insert into usuarios (id, username, password, email, full_name, avatar, account_non_expired, account_non_locked, credentials_non_expired, enabled, roles, created_at, last_password_change_at) values ('3de22822-f312-11ed-a05b-0242ac120003', 'Alvaro', '{bcrypt}$2a$12$m77uPBFFzvknI7wwVPcmYuJkhbJ.nJlyE5ZhH/vg9weFCilvfhzA.', 'alvaro@gmail.com', 'Alvaro Pérez', 'avatar.png', true, true, true, true, 'USER', '2021-09-26', '2021-09-26');
insert into usuarios (id, username, password, email, full_name, avatar, account_non_expired, account_non_locked, credentials_non_expired, enabled, roles, created_at, last_password_change_at) values ('427f65e8-f312-11ed-a05b-0242ac120003', 'Durban', '{bcrypt}$2a$12$m77uPBFFzvknI7wwVPcmYuJkhbJ.nJlyE5ZhH/vg9weFCilvfhzA.', 'durban@gmail.com', 'Carlos Durban', 'avatar.png', true, true, true, true, 'USER', '2021-09-26', '2021-09-26');
insert into usuarios (id, username, password, email, full_name, avatar, account_non_expired, account_non_locked, credentials_non_expired, enabled, roles, created_at, last_password_change_at) values ('462aee24-f312-11ed-a05b-0242ac120003', 'Titin', '{bcrypt}$2a$12$m77uPBFFzvknI7wwVPcmYuJkhbJ.nJlyE5ZhH/vg9weFCilvfhzA.', 'titin@gmail.com', 'Titin Pérez', 'avatar.png', true, true, true, true, 'USER', '2021-09-26', '2021-09-26');
insert into usuarios (id, username, password, email, full_name, avatar, account_non_expired, account_non_locked, credentials_non_expired, enabled, roles, created_at, last_password_change_at) values ('4ada266a-f312-11ed-a05b-0242ac120003', 'Jero', '{bcrypt}$2a$12$m77uPBFFzvknI7wwVPcmYuJkhbJ.nJlyE5ZhH/vg9weFCilvfhzA.', 'jero@gmail.com', 'Jero Pérez', 'avatar.png', true, true, true, true, 'USER', '2021-09-26', '2021-09-26');
insert into usuarios (id, username, password, email, full_name, avatar, account_non_expired, account_non_locked, credentials_non_expired, enabled, roles, created_at, last_password_change_at) values ('4ebe5d50-f312-11ed-a05b-0242ac120003', 'Roge', '{bcrypt}$2a$12$m77uPBFFzvknI7wwVPcmYuJkhbJ.nJlyE5ZhH/vg9weFCilvfhzA.', 'roge@gmail.com', 'Rogelio Pérez', 'avatar.png', true, true, true, true, 'USER', '2021-09-26', '2021-09-26');
insert into usuarios (id, username, password, email, full_name, avatar, account_non_expired, account_non_locked, credentials_non_expired, enabled, roles, created_at, last_password_change_at) values ('52e9c34c-f312-11ed-a05b-0242ac120003', 'Robert', '{bcrypt}$2a$12$m77uPBFFzvknI7wwVPcmYuJkhbJ.nJlyE5ZhH/vg9weFCilvfhzA.', 'robert@gmail.com', 'Roberto Pérez', 'avatar.png', true, true, true, true, 'USER', '2021-09-26', '2021-09-26');
insert into usuarios (id, username, password, email, full_name, avatar, account_non_expired, account_non_locked, credentials_non_expired, enabled, roles, created_at, last_password_change_at) values ('56dd5680-f312-11ed-a05b-0242ac120003', 'Pepe', '{bcrypt}$2a$12$m77uPBFFzvknI7wwVPcmYuJkhbJ.nJlyE5ZhH/vg9weFCilvfhzA.', 'pepe@gmail.com', 'Jose Pérez', 'avatar.png', true, true, true, true, 'USER', '2021-09-26', '2021-09-26');
insert into usuarios (id, username, password, email, full_name, avatar, account_non_expired, account_non_locked, credentials_non_expired, enabled, roles, created_at, last_password_change_at) values ('5a2ba0ee-f312-11ed-a05b-0242ac120003', 'Anapi', '{bcrypt}$2a$12$m77uPBFFzvknI7wwVPcmYuJkhbJ.nJlyE5ZhH/vg9weFCilvfhzA.', 'anapi@gmail.com', 'Ana Pilar Pérez', 'avatar.png', true, true, true, true, 'USER', '2021-09-26', '2021-09-26');
insert into usuarios (id, username, password, email, full_name, avatar, account_non_expired, account_non_locked, credentials_non_expired, enabled, roles, created_at, last_password_change_at) values ('5dcb193c-f312-11ed-a05b-0242ac120003', 'Sandra', '{bcrypt}$2a$12$m77uPBFFzvknI7wwVPcmYuJkhbJ.nJlyE5ZhH/vg9weFCilvfhzA.', 'sandra@gmail.com', 'Sandra Pérez', 'avatar.png', true, true, true, true, 'USER', '2021-09-26', '2021-09-26');
insert into usuarios (id, username, password, email, full_name, avatar, account_non_expired, account_non_locked, credentials_non_expired, enabled, roles, created_at, last_password_change_at) values ('6152a764-f312-11ed-a05b-0242ac120003', 'Sara', '{bcrypt}$2a$12$m77uPBFFzvknI7wwVPcmYuJkhbJ.nJlyE5ZhH/vg9weFCilvfhzA.', 'sara@gmail.com', 'Sara Pérez', 'avatar.png', true, true, true, true, 'USER', '2021-09-26', '2021-09-26');
insert into usuarios (id, username, password, email, full_name, avatar, account_non_expired, account_non_locked, credentials_non_expired, enabled, roles, created_at, last_password_change_at) values ('65c62ba4-f312-11ed-a05b-0242ac120003', 'Carmen', '{bcrypt}$2a$12$m77uPBFFzvknI7wwVPcmYuJkhbJ.nJlyE5ZhH/vg9weFCilvfhzA.', 'carmen@gmail.com', 'Carmen Pérez', 'avatar.png', true, true, true, true, 'USER', '2021-09-26', '2021-09-26');

insert into category (id, nombre) values (1, 'Teclados');
insert into category (id, nombre) values (2, 'Ratones');
insert into category (id, nombre) values (3, 'Altavoces');
insert into category (id, nombre) values (4, 'Moviles');
insert into category (id, nombre) values (5, 'Tarjetas gráficas');
insert into category (id, nombre) values (6, 'Procesadores');
insert into category (id, nombre) values (7, 'Auriculares');
insert into category (id, nombre) values (8, 'Mandos de consola');
insert into category (id, nombre) values (9, 'Memorias RAM');
insert into category (id, nombre) values (10, 'Monitores');
insert into category (id, nombre) values (49, 'Otros')

--MOVILES
insert into product (id, nombre, precio, descripcion, imagen, fecha_publicacion, cantidad, sent, categoria_id, usuario_id) values (11, 'Samsung Galaxy S21', 799.99, 'El nuevo modelo de Samsung', 'movil.jpg', '2022-02-23', 1, false, 4, '751c3611-8882-5751-9f0d-d216dd047ebc');
insert into product (id, nombre, precio, descripcion, imagen, fecha_publicacion, cantidad, sent, categoria_id, usuario_id) values (12, 'iPhone 13 Pro', 1099.99, 'El último modelo de Apple', 'movil.jpg', '2022-02-23', 1, false, 4, '751c3611-8882-5751-9f0d-d216dd047ebc');
insert into product (id, nombre, precio, descripcion, imagen, fecha_publicacion, cantidad, sent, categoria_id, usuario_id) values (13, 'OnePlus 10', 799.99, 'El nuevo modelo de OnePlus', 'movil.jpg', '2022-02-23', 1, false, 4, '751c3611-8882-5751-9f0d-d216dd047ebc');
insert into product (id, nombre, precio, descripcion, imagen, fecha_publicacion, cantidad, sent, categoria_id, usuario_id) values (14, 'Xiaomi Mi 12', 699.99, 'El nuevo modelo de Xiaomi', 'movil.jpg', '2022-02-23', 1, false, 4, '751c3611-8882-5751-9f0d-d216dd047ebc');
insert into product (id, nombre, precio, descripcion, imagen, fecha_publicacion, cantidad, sent, categoria_id, usuario_id) values (15, 'Google Pixel 7', 899.99, 'El nuevo modelo de Google', 'movil.jpg', '2022-02-23', 1, false, 4, '751c3611-8882-5751-9f0d-d216dd047ebc');
insert into product (id, nombre, precio, descripcion, imagen, fecha_publicacion, cantidad, sent, categoria_id, usuario_id) values (16, 'Huawei P60', 799.99, 'El nuevo modelo de Huawei', 'movil.jpg', '2022-02-23', 1, false, 4, '751c3611-8882-5751-9f0d-d216dd047ebc');
insert into product (id, nombre, precio, descripcion, imagen, fecha_publicacion, cantidad, sent, categoria_id, usuario_id) values (17, 'Motorola Edge 30', 599.99, 'El nuevo modelo de Motorola', 'movil.jpg', '2022-02-23', 1, false, 4, '751c3611-8882-5751-9f0d-d216dd047ebc');
insert into product (id, nombre, precio, descripcion, imagen, fecha_publicacion, cantidad, sent, categoria_id, usuario_id) values (18, 'LG V90', 699.99, 'El último modelo de LG', 'movil.jpg', '2022-02-23', 1, false, 4, '751c3611-8882-5751-9f0d-d216dd047ebc');
insert into product (id, nombre, precio, descripcion, imagen, fecha_publicacion, cantidad, sent, categoria_id, usuario_id) values (19, 'Nokia X90', 599.99, 'El nuevo modelo de Nokia', 'movil.jpg', '2022-02-23', 1, false, 4, '751c3611-8882-5751-9f0d-d216dd047ebc');
insert into product (id, nombre, precio, descripcion, imagen, fecha_publicacion, cantidad, sent, categoria_id, usuario_id) values (20, 'Sony Xperia 5 III', 899.99, 'El nuevo modelo de Sony', 'movil.jpg', '2022-02-23', 1, false, 4, '751c3611-8882-5751-9f0d-d216dd047ebc');

--TECLADOS
insert into product (id, nombre, precio, descripcion, imagen, fecha_publicacion, cantidad, sent, categoria_id, usuario_id) values (21, 'Asus ROG Strix Scope RX TKL Wireless Deluxe.', 30.0, 'Teclado Asus Scope Deluxe', 'teclado.jpg', '2021-09-26', 1, false, 1, 'e641d9ec-ca50-4002-b87b-464b6c7686a9');
insert into product (id, nombre, precio, descripcion, imagen, fecha_publicacion, cantidad, sent, categoria_id, usuario_id) values (22, 'Asus ROG Strix Scope RX.', 50.0, 'Teclado Asus Scope', 'teclado.jpg', '2021-09-26', 1, false, 1, 'e641d9ec-ca50-4002-b87b-464b6c7686a9');
insert into product (id, nombre, precio, descripcion, imagen, fecha_publicacion, cantidad, sent, categoria_id, usuario_id) values (23, 'Asus ROG Strix Flare 2 Animate.', 15.0, 'Teclado Asus Flare Animate', 'teclado.jpg', '2021-09-26', 1, false, 1, 'e641d9ec-ca50-4002-b87b-464b6c7686a9');
insert into product (id, nombre, precio, descripcion, imagen, fecha_publicacion, cantidad, sent, categoria_id, usuario_id) values (24, 'Corsair K70 RGB MK.2.', 23.0, 'Teclado Corsair K70 MK.2', 'teclado.jpg', '2021-09-26', 1, false, 1, 'e641d9ec-ca50-4002-b87b-464b6c7686a9');
insert into product (id, nombre, precio, descripcion, imagen, fecha_publicacion, cantidad, sent, categoria_id, usuario_id) values (25, 'Corsair K70 RGB TKL.', 70.3, 'Teclado Corsair K70 TKL', 'teclado.jpg', '2021-09-26', 1, false, 1, 'e641d9ec-ca50-4002-b87b-464b6c7686a9');
insert into product (id, nombre, precio, descripcion, imagen, fecha_publicacion, cantidad, sent, categoria_id, usuario_id) values (26, 'Corsair K70 RGB Pro.', 19.0, 'Teclado Corsair K70 Pro', 'teclado.jpg', '2021-09-26', 1, false, 1, 'e641d9ec-ca50-4002-b87b-464b6c7686a9');
insert into product (id, nombre, precio, descripcion, imagen, fecha_publicacion, cantidad, sent, categoria_id, usuario_id) values (27, 'Corsair K100 RGB.', 79.0, 'Teclado Corsair K100', 'teclado.jpg', '2021-09-26', 1, false, 1, 'e641d9ec-ca50-4002-b87b-464b6c7686a9');
insert into product (id, nombre, precio, descripcion, imagen, fecha_publicacion, cantidad, sent, categoria_id, usuario_id) values (28, 'Logitech MX Mechanical.', 35.0, 'Teclado mecanico Logitech', 'teclado.jpg', '2021-09-26', 1, false, 1, 'e641d9ec-ca50-4002-b87b-464b6c7686a9');
--RATONES
insert into product (id, nombre, precio, descripcion, imagen, fecha_publicacion, cantidad, sent, categoria_id, usuario_id) values (29, 'Ratón Logitech MX Anywhere 2S', 99.99, 'Ratón inalámbrico con tecnología Logitech Flow', 'raton.jpg', '2022-01-05', 1, false, 2, 'e641d9ec-ca50-4002-b87b-464b6c7686a9');
insert into product (id, nombre, precio, descripcion, imagen, fecha_publicacion, cantidad, sent, categoria_id, usuario_id) values(30, 'Ratón Razer DeathAdder V2', 79.99, 'Ratón para juegos con sensor óptico de 20.000 DPI', 'raton.jpg', '2022-01-12', 1, false, 2, 'e641d9ec-ca50-4002-b87b-464b6c7686a9');
insert into product (id, nombre, precio, descripcion, imagen, fecha_publicacion, cantidad, sent, categoria_id, usuario_id) values(31, 'Ratón Microsoft Surface Precision', 109.99, 'Ratón ergonómico con 6 botones personalizables', 'raton.jpg', '2022-01-15', 1, false, 2, 'e641d9ec-ca50-4002-b87b-464b6c7686a9');
insert into product (id, nombre, precio, descripcion, imagen, fecha_publicacion, cantidad, sent, categoria_id, usuario_id) values(32, 'Ratón HP Elite Presenter', 89.99, 'Ratón láser inalámbrico con funciones de presentador', 'raton.jpg', '2022-01-20', 1, false, 2, 'e641d9ec-ca50-4002-b87b-464b6c7686a9');
insert into product (id, nombre, precio, descripcion, imagen, fecha_publicacion, cantidad, sent, categoria_id, usuario_id) values(33, 'Ratón Apple Magic Mouse 2', 79.99, 'Ratón inalámbrico recargable con tecnología Multi-Touch', 'raton.jpg', '2022-01-22', 1, false, 2, 'e641d9ec-ca50-4002-b87b-464b6c7686a9');
insert into product (id, nombre, precio, descripcion, imagen, fecha_publicacion, cantidad, sent, categoria_id, usuario_id) values(34, 'Ratón Asus ROG Gladius III', 89.99, 'Ratón para juegos con interruptores Omron y sensor óptico de 19.000 DPI', 'raton.jpg', '2022-01-25', 1, false, 2, 'e641d9ec-ca50-4002-b87b-464b6c7686a9');
insert into product (id, nombre, precio, descripcion, imagen, fecha_publicacion, cantidad, sent, categoria_id, usuario_id) values(35, 'Ratón Logitech M720 Triathlon', 49.99, 'Ratón inalámbrico con tecnología Easy-Switch', 'raton.jpg', '2022-02-02', 1, false, 2, 'e641d9ec-ca50-4002-b87b-464b6c7686a9');
insert into product (id, nombre, precio, descripcion, imagen, fecha_publicacion, cantidad, sent, categoria_id, usuario_id) values(36, 'Ratón Corsair Dark Core RGB/SE', 79.99, 'Ratón para juegos inalámbrico con carga inalámbrica', 'raton.jpg', '2022-02-07', 1, false, 2, 'e641d9ec-ca50-4002-b87b-464b6c7686a9');
insert into product (id, nombre, precio, descripcion, imagen, fecha_publicacion, cantidad, sent, categoria_id, usuario_id) values(37, 'Ratón Dell Premier Wireless', 69.99, 'Ratón inalámbrico con batería de larga duración', 'raton.jpg', '2022-02-11', 1, false, 2, 'e641d9ec-ca50-4002-b87b-464b6c7686a9');
insert into product (id, nombre, precio, descripcion, imagen, fecha_publicacion, cantidad, sent, categoria_id, usuario_id) values(38, 'Ratón Logitech G Pro Wireless', 129.99, 'Ratón inalámbrico para juegos con sensor HERO 25K', 'raton.jpg', '2022-02-15', 1, false, 2, 'e641d9ec-ca50-4002-b87b-464b6c7686a9');
--ALTAVOCES
insert into product (id, nombre, precio, descripcion, imagen, fecha_publicacion, cantidad, sent, categoria_id, usuario_id) values (39, 'Altavoz portátil JBL Flip 5', 119.99, 'Altavoz inalámbrico con Bluetooth y resistente al agua', 'altavoz.jpg', '2022-01-05', 1, false, 3, 'e641d9ec-ca50-4002-b87b-464b6c7686a9');
insert into product (id, nombre, precio, descripcion, imagen, fecha_publicacion, cantidad, sent, categoria_id, usuario_id) values (40, 'Altavoz inteligente Amazon Echo Dot', 59.99, 'Altavoz inteligente con asistente virtual Alexa integrado', 'altavoz.jpg', '2022-01-12', 1, false, 3, 'e641d9ec-ca50-4002-b87b-464b6c7686a9');
insert into product (id, nombre, precio, descripcion, imagen, fecha_publicacion, cantidad, sent, categoria_id, usuario_id) values (41, 'Altavoz Bluetooth Bose SoundLink Mini II', 199.99, 'Altavoz inalámbrico con sonido potente y batería de larga duración', 'altavoz.jpg', '2022-01-15', 1, false, 3, 'e641d9ec-ca50-4002-b87b-464b6c7686a9');
insert into product (id, nombre, precio, descripcion, imagen, fecha_publicacion, cantidad, sent, categoria_id, usuario_id) values (42, 'Altavoz inteligente Google Nest Audio', 99.99, 'Altavoz inteligente con asistente virtual Google Assistant integrado', 'altavoz.jpg', '2022-01-20', 1, false, 3, 'e641d9ec-ca50-4002-b87b-464b6c7686a9');
insert into product (id, nombre, precio, descripcion, imagen, fecha_publicacion, cantidad, sent, categoria_id, usuario_id) values (43, 'Altavoz inalámbrico Sonos Roam', 169.99, 'Altavoz portátil con Bluetooth y resistente al agua', 'altavoz.jpg', '2022-01-22', 1, false, 3, 'e641d9ec-ca50-4002-b87b-464b6c7686a9');
insert into product (id, nombre, precio, descripcion, imagen, fecha_publicacion, cantidad, sent, categoria_id, usuario_id) values (44, 'Altavoz Bluetooth JBL Charge 5', 179.99, 'Altavoz inalámbrico con Bluetooth y batería de larga duración', 'altavoz.jpg', '2022-01-25', 1, false, 3, 'e641d9ec-ca50-4002-b87b-464b6c7686a9');
insert into product (id, nombre, precio, descripcion, imagen, fecha_publicacion, cantidad, sent, categoria_id, usuario_id) values (45, 'Altavoz inteligente Apple HomePod mini', 99.99, 'Altavoz inteligente con asistente virtual Siri integrado', 'altavoz.jpg', '2022-02-02', 1, false, 3, 'e641d9ec-ca50-4002-b87b-464b6c7686a9');
insert into product (id, nombre, precio, descripcion, imagen, fecha_publicacion, cantidad, sent, categoria_id, usuario_id) values (46, 'Altavoz inalámbrico Ultimate Ears WONDERBOOM 2', 99.99, 'Altavoz resistente al agua con sonido envolvente de 360 grados', 'altavoz.jpg', '2022-02-07', 1, false, 3, 'e641d9ec-ca50-4002-b87b-464b6c7686a9');
insert into product (id, nombre, precio, descripcion, imagen, fecha_publicacion, cantidad, sent, categoria_id, usuario_id) values (47, 'Altavoz Bluetooth Marshall Kilburn II', 249.99, 'Altavoz inalámbrico con diseño clásico y sonido potente', 'altavoz.jpg', '2022-02-11', 1, false, 3, 'e641d9ec-ca50-4002-b87b-464b6c7686a9');
insert into product (id, nombre, precio, descripcion, imagen, fecha_publicacion, cantidad, sent, categoria_id, usuario_id) values (48, 'Altavoz inteligente Lenovo Smart Display 7', 99.99, 'Altavoz inteligente con pantalla táctil de 7 pulgadas y asistente virtual Google Assistant integrado', 'altavoz.jpg', '2022-02-15', 1, false, 3, 'e641d9ec-ca50-4002-b87b-464b6c7686a9');
--TARJETAS GRAFICAS
insert into product (id, nombre, precio, descripcion, imagen, fecha_publicacion, cantidad, sent, categoria_id, usuario_id) values (50, 'Tarjeta gráfica 1', 500, 'Descripción de la tarjeta gráfica 1', 'grafica.jpg', '2022-01-25', 1, false, 5, '751c3611-8882-5751-9f0d-d216dd047ebc');
insert into product (id, nombre, precio, descripcion, imagen, fecha_publicacion, cantidad, sent, categoria_id, usuario_id) values (51, 'Tarjeta gráfica 2', 550, 'Descripción de la tarjeta gráfica 2', 'grafica.jpg', '2022-01-25', 1, false, 5, '751c3611-8882-5751-9f0d-d216dd047ebc');
insert into product (id, nombre, precio, descripcion, imagen, fecha_publicacion, cantidad, sent, categoria_id, usuario_id) values (52, 'Tarjeta gráfica 3', 600, 'Descripción de la tarjeta gráfica 3', 'grafica.jpg', '2022-01-25', 1, false, 5, '751c3611-8882-5751-9f0d-d216dd047ebc');
insert into product (id, nombre, precio, descripcion, imagen, fecha_publicacion, cantidad, sent, categoria_id, usuario_id) values (53, 'Tarjeta gráfica 4', 650, 'Descripción de la tarjeta gráfica 4', 'grafica.jpg', '2022-01-25', 1, false, 5, '751c3611-8882-5751-9f0d-d216dd047ebc');
insert into product (id, nombre, precio, descripcion, imagen, fecha_publicacion, cantidad, sent, categoria_id, usuario_id) values (54, 'Tarjeta gráfica 5', 700, 'Descripción de la tarjeta gráfica 5', 'grafica.jpg', '2022-01-25', 1, false, 5, '751c3611-8882-5751-9f0d-d216dd047ebc');
insert into product (id, nombre, precio, descripcion, imagen, fecha_publicacion, cantidad, sent, categoria_id, usuario_id) values (55, 'Tarjeta gráfica 6', 750, 'Descripción de la tarjeta gráfica 6', 'grafica.jpg', '2022-01-25', 1, false, 5, '751c3611-8882-5751-9f0d-d216dd047ebc');
insert into product (id, nombre, precio, descripcion, imagen, fecha_publicacion, cantidad, sent, categoria_id, usuario_id) values (56, 'Tarjeta gráfica 7', 800, 'Descripción de la tarjeta gráfica 7', 'grafica.jpg', '2022-01-25', 1, false, 5, '751c3611-8882-5751-9f0d-d216dd047ebc');
insert into product (id, nombre, precio, descripcion, imagen, fecha_publicacion, cantidad, sent, categoria_id, usuario_id) values (57, 'Tarjeta gráfica 8', 850, 'Descripción de la tarjeta gráfica 8', 'grafica.jpg', '2022-01-25', 1, false, 5, '751c3611-8882-5751-9f0d-d216dd047ebc');
insert into product (id, nombre, precio, descripcion, imagen, fecha_publicacion, cantidad, sent, categoria_id, usuario_id) values (58, 'Tarjeta gráfica 9', 900, 'Descripción de la tarjeta gráfica 9', 'grafica.jpg', '2022-01-25', 1, false, 5, '751c3611-8882-5751-9f0d-d216dd047ebc');
insert into product (id, nombre, precio, descripcion, imagen, fecha_publicacion, cantidad, sent, categoria_id, usuario_id) values (59, 'Tarjeta gráfica 10', 950, 'Descripción de la tarjeta gráfica 10', 'grafica.jpg', '2022-01-25', 1, false, 5, '751c3611-8882-5751-9f0d-d216dd047ebc');
--PROCESADORES
insert into product (id, nombre, precio, descripcion, imagen, fecha_publicacion, cantidad, sent, categoria_id, usuario_id) values (60, 'Procesador Intel Core i7', 250, 'Procesador de 8 núcleos para una alta capacidad de procesamiento.', 'procesador.jpg', '2022-02-23', 1, false, 6, '751c3611-8882-5751-9f0d-d216dd047ebc');
insert into product (id, nombre, precio, descripcion, imagen, fecha_publicacion, cantidad, sent, categoria_id, usuario_id) values (61, 'Procesador AMD Ryzen 5', 180, 'Procesador de 6 núcleos para un rendimiento de gama media.', 'procesador.jpg', '2022-02-23', 1, false, 6, '751c3611-8882-5751-9f0d-d216dd047ebc');
insert into product (id, nombre, precio, descripcion, imagen, fecha_publicacion, cantidad, sent, categoria_id, usuario_id) values (62, 'Procesador Intel Pentium', 100, 'Procesador de 4 núcleos para un rendimiento básico.', 'procesador.jpg', '2022-02-23', 1, false, 6, '751c3611-8882-5751-9f0d-d216dd047ebc');
insert into product (id, nombre, precio, descripcion, imagen, fecha_publicacion, cantidad, sent, categoria_id, usuario_id) values (63, 'Procesador AMD Ryzen 9', 450, 'Procesador de 12 núcleos para un alto rendimiento de gama alta.', 'procesador.jpg', '2022-02-23', 1, false, 6, '751c3611-8882-5751-9f0d-d216dd047ebc');
insert into product (id, nombre, precio, descripcion, imagen, fecha_publicacion, cantidad, sent, categoria_id, usuario_id) values (64, 'Procesador Intel Core i9', 600, 'Procesador de 10 núcleos para un rendimiento de alta gama.', 'procesador.jpg', '2022-02-23', 1, false, 6, '751c3611-8882-5751-9f0d-d216dd047ebc');
insert into product (id, nombre, precio, descripcion, imagen, fecha_publicacion, cantidad, sent, categoria_id, usuario_id) values (65, 'Procesador AMD Ryzen 7', 300, 'Procesador de 8 núcleos para un rendimiento de gama alta.', 'procesador.jpg', '2022-02-23', 1, false, 6, '751c3611-8882-5751-9f0d-d216dd047ebc');
insert into product (id, nombre, precio, descripcion, imagen, fecha_publicacion, cantidad, sent, categoria_id, usuario_id) values (66, 'Procesador Intel Core i5', 180, 'Procesador de 6 núcleos para un rendimiento de gama media.', 'procesador.jpg', '2022-02-23', 1, false, 6, '751c3611-8882-5751-9f0d-d216dd047ebc');
insert into product (id, nombre, precio, descripcion, imagen, fecha_publicacion, cantidad, sent, categoria_id, usuario_id) values (67, 'Procesador AMD Ryzen 3', 90, 'Procesador de 4 núcleos para un rendimiento básico.', 'procesador.jpg', '2022-02-23', 1, false, 6, '751c3611-8882-5751-9f0d-d216dd047ebc');
insert into product (id, nombre, precio, descripcion, imagen, fecha_publicacion, cantidad, sent, categoria_id, usuario_id) values (68, 'Procesador Intel Celeron', 60, 'Procesador de 2 núcleos para un rendimiento básico.', 'procesador.jpg', '2022-02-23', 1, false, 6, '751c3611-8882-5751-9f0d-d216dd047ebc');
insert into product (id, nombre, precio, descripcion, imagen, fecha_publicacion, cantidad, sent, categoria_id, usuario_id) values (69, 'Procesador AMD Athlon', 70, 'Procesador de 4 núcleos para un rendimiento de gama media.', 'procesador.jpg', '2022-02-23', 1, false, 6, '751c3611-8882-5751-9f0d-d216dd047ebc');
--AURICULARES
insert into product (id, nombre, precio, descripcion, imagen, fecha_publicacion, cantidad, sent, categoria_id, usuario_id) values (70, 'Auriculares 1', 50.00, 'Auriculares inalámbricos de alta calidad', 'auriculares.jpg', '2022-02-23', 1, false, 7, '751c3611-8882-5751-9f0d-d216dd047ebc');
insert into product (id, nombre, precio, descripcion, imagen, fecha_publicacion, cantidad, sent, categoria_id, usuario_id) values (71, 'Auriculares 2', 40.00, 'Auriculares in-ear con cancelación de ruido', 'auriculares.jpg', '2022-02-23', 1, false, 7, '751c3611-8882-5751-9f0d-d216dd047ebc');
insert into product (id, nombre, precio, descripcion, imagen, fecha_publicacion, cantidad, sent, categoria_id, usuario_id) values (72, 'Auriculares 3', 60.00, 'Auriculares over-ear con micrófono integrado', 'auriculares.jpg', '2022-02-23', 1, false, 7, '751c3611-8882-5751-9f0d-d216dd047ebc');
insert into product (id, nombre, precio, descripcion, imagen, fecha_publicacion, cantidad, sent, categoria_id, usuario_id) values (73, 'Auriculares 4', 35.00, 'Auriculares inalámbricos deportivos', 'auriculares.jpg', '2022-02-23', 1, false, 7, '751c3611-8882-5751-9f0d-d216dd047ebc');
insert into product (id, nombre, precio, descripcion, imagen, fecha_publicacion, cantidad, sent, categoria_id, usuario_id) values (74, 'Auriculares 5', 25.00, 'Auriculares básicos con cable', 'auriculares.jpg', '2022-02-23', 1, false, 7, '751c3611-8882-5751-9f0d-d216dd047ebc');
insert into product (id, nombre, precio, descripcion, imagen, fecha_publicacion, cantidad, sent, categoria_id, usuario_id) values (75, 'Auriculares 6', 75.00, 'Auriculares para gaming con micrófono desmontable', 'auriculares.jpg', '2022-02-23', 1, false, 7, '751c3611-8882-5751-9f0d-d216dd047ebc');
insert into product (id, nombre, precio, descripcion, imagen, fecha_publicacion, cantidad, sent, categoria_id, usuario_id) values (76, 'Auriculares 7', 55.00, 'Auriculares inalámbricos con carga rápida', 'auriculares.jpg', '2022-02-23', 1, false, 7, '751c3611-8882-5751-9f0d-d216dd047ebc');
insert into product (id, nombre, precio, descripcion, imagen, fecha_publicacion, cantidad, sent, categoria_id, usuario_id) values (77, 'Auriculares 8', 30.00, 'Auriculares con micrófono y control de volumen', 'auriculares.jpg', '2022-02-23', 1, false, 7, '751c3611-8882-5751-9f0d-d216dd047ebc');
insert into product (id, nombre, precio, descripcion, imagen, fecha_publicacion, cantidad, sent, categoria_id, usuario_id) values (78, 'Auriculares 9', 65.00, 'Auriculares in-ear con diseño ergonómico', 'auriculares.jpg', '2022-02-23', 1, false, 7, '751c3611-8882-5751-9f0d-d216dd047ebc');
insert into product (id, nombre, precio, descripcion, imagen, fecha_publicacion, cantidad, sent, categoria_id, usuario_id) values (79, 'Auriculares 10', 20.00, 'Auriculares básicos con conector tipo jack', 'auriculares.jpg', '2022-02-23', 1, false, 7, '751c3611-8882-5751-9f0d-d216dd047ebc');
--MANDOS
insert into product (id, nombre, precio, descripcion, imagen, fecha_publicacion, cantidad, sent, categoria_id, usuario_id) values (80, 'Controlador para PS5', 60.99, 'Controlador inalámbrico para PlayStation 5', 'mando.jpg', '2022-02-24', 1, false, 8, '751c3611-8882-5751-9f0d-d216dd047ebc');
insert into product (id, nombre, precio, descripcion, imagen, fecha_publicacion, cantidad, sent, categoria_id, usuario_id) values (81, 'Controlador para Xbox Series X', 49.99, 'Controlador inalámbrico para Xbox Series X', 'mando.jpg', '2022-02-24', 1, false, 8, '751c3611-8882-5751-9f0d-d216dd047ebc');
insert into product (id, nombre, precio, descripcion, imagen, fecha_publicacion, cantidad, sent, categoria_id, usuario_id) values (82, 'Controlador para Nintendo Switch', 39.99, 'Controlador inalámbrico para Nintendo Switch', 'mando.jpg', '2022-02-24', 1, false, 8, '751c3611-8882-5751-9f0d-d216dd047ebc');
insert into product (id, nombre, precio, descripcion, imagen, fecha_publicacion, cantidad, sent, categoria_id, usuario_id) values (83, 'Controlador para PS4', 29.99, 'Controlador inalámbrico para PlayStation 4', 'mando.jpg', '2022-02-24', 1, false, 8, '751c3611-8882-5751-9f0d-d216dd047ebc');
insert into product (id, nombre, precio, descripcion, imagen, fecha_publicacion, cantidad, sent, categoria_id, usuario_id) values (84, 'Controlador para Xbox One', 29.99, 'Controlador inalámbrico para Xbox One', 'mando.jpg', '2022-02-24', 1, false, 8, '751c3611-8882-5751-9f0d-d216dd047ebc');
insert into product (id, nombre, precio, descripcion, imagen, fecha_publicacion, cantidad, sent, categoria_id, usuario_id) values (85, 'Controlador para PC', 19.99, 'Controlador inalámbrico para PC', 'mando.jpg', '2022-02-24', 1, false, 8, '751c3611-8882-5751-9f0d-d216dd047ebc');
insert into product (id, nombre, precio, descripcion, imagen, fecha_publicacion, cantidad, sent, categoria_id, usuario_id) values (86, 'Controlador para Switch Lite', 19.99, 'Controlador inalámbrico para Nintendo Switch Lite', 'mando.jpg', '2022-02-24', 1, false, 8, '751c3611-8882-5751-9f0d-d216dd047ebc');
insert into product (id, nombre, precio, descripcion, imagen, fecha_publicacion, cantidad, sent, categoria_id, usuario_id) values (87, 'Controlador para Xbox 360', 14.99, 'Controlador inalámbrico para Xbox 360', 'mando.jpg', '2022-02-24', 1, false, 8, '751c3611-8882-5751-9f0d-d216dd047ebc');
insert into product (id, nombre, precio, descripcion, imagen, fecha_publicacion, cantidad, sent, categoria_id, usuario_id) values (88, 'Controlador para PS3', 14.99, 'Controlador inalámbrico para PlayStation 3', 'mando.jpg', '2022-02-24', 1, false, 8, '751c3611-8882-5751-9f0d-d216dd047ebc');
insert into product (id, nombre, precio, descripcion, imagen, fecha_publicacion, cantidad, sent, categoria_id, usuario_id) values (89, 'Controlador para Wii U', 9.99, 'Controlador inalámbrico para Wii U', 'mando.jpg', '2022-02-24', 1, false, 8, '751c3611-8882-5751-9f0d-d216dd047ebc');
--MEMORIAS RAM
insert into product (id, nombre, precio, descripcion, imagen, fecha_publicacion, cantidad, sent, categoria_id, usuario_id) values (90, 'Memoria RAM DDR4 8GB', 50.00, 'Memoria RAM DDR4 de 8GB de capacidad', 'ram.jpg', '2022-02-24', 1, false, 9, '751c3611-8882-5751-9f0d-d216dd047ebc');
insert into product (id, nombre, precio, descripcion, imagen, fecha_publicacion, cantidad, sent, categoria_id, usuario_id) values (91, 'Memoria RAM DDR4 16GB', 90.00, 'Memoria RAM DDR4 de 16GB de capacidad', 'ram.jpg', '2022-02-24', 1, false, 9, '751c3611-8882-5751-9f0d-d216dd047ebc');
insert into product (id, nombre, precio, descripcion, imagen, fecha_publicacion, cantidad, sent, categoria_id, usuario_id) values (92, 'Memoria RAM DDR4 32GB', 180.00, 'Memoria RAM DDR4 de 32GB de capacidad', 'ram.jpg', '2022-02-24', 1, false, 9, '751c3611-8882-5751-9f0d-d216dd047ebc');
insert into product (id, nombre, precio, descripcion, imagen, fecha_publicacion, cantidad, sent, categoria_id, usuario_id) values (93, 'Memoria RAM DDR4 64GB', 350.00, 'Memoria RAM DDR4 de 64GB de capacidad', 'ram.jpg', '2022-02-24', 1, false, 9, '751c3611-8882-5751-9f0d-d216dd047ebc');
insert into product (id, nombre, precio, descripcion, imagen, fecha_publicacion, cantidad, sent, categoria_id, usuario_id) values (94, 'Memoria RAM DDR3 8GB', 40.00, 'Memoria RAM DDR3 de 8GB de capacidad', 'ram.jpg', '2022-02-24', 1, false, 9, '751c3611-8882-5751-9f0d-d216dd047ebc');
insert into product (id, nombre, precio, descripcion, imagen, fecha_publicacion, cantidad, sent, categoria_id, usuario_id) values (95, 'Memoria RAM DDR3 16GB', 70.00, 'Memoria RAM DDR3 de 16GB de capacidad', 'ram.jpg', '2022-02-24', 1, false, 9, '751c3611-8882-5751-9f0d-d216dd047ebc');
insert into product (id, nombre, precio, descripcion, imagen, fecha_publicacion, cantidad, sent, categoria_id, usuario_id) values (96, 'Memoria RAM DDR3 32GB', 140.00, 'Memoria RAM DDR3 de 32GB de capacidad', 'ram.jpg', '2022-02-24', 1, false, 9, '751c3611-8882-5751-9f0d-d216dd047ebc');
insert into product (id, nombre, precio, descripcion, imagen, fecha_publicacion, cantidad, sent, categoria_id, usuario_id) values (97, 'Memoria RAM DDR3 64GB', 260.00, 'Memoria RAM DDR3 de 64GB de capacidad', 'ram.jpg', '2022-02-24', 1, false, 9, '751c3611-8882-5751-9f0d-d216dd047ebc');
insert into product (id, nombre, precio, descripcion, imagen, fecha_publicacion, cantidad, sent, categoria_id, usuario_id) values (98, 'Memoria RAM DDR2 2GB', 20.00, 'Memoria RAM DDR2 de 2GB de capacidad', 'ram.jpg', '2022-02-24', 1, false, 9, '751c3611-8882-5751-9f0d-d216dd047ebc');
insert into product (id, nombre, precio, descripcion, imagen, fecha_publicacion, cantidad, sent, categoria_id, usuario_id) values (99, 'Memoria RAM DDR2 4GB', 30.00, 'Memoria RAM DDR2 de 4GB de capacidad', 'ram.jpg', '2022-02-24', 1, false, 9, '751c3611-8882-5751-9f0d-d216dd047ebc');
--MONITORES
insert into product (id, nombre, precio, descripcion, imagen, fecha_publicacion, cantidad, sent, categoria_id, usuario_id) values (100, 'Monitor Acer 21.5"', 159.99, 'Monitor Acer de 21.5" con resolución Full HD', 'monitor.jpg', '2022-09-01', 1, false, 10, '751c3611-8882-5751-9f0d-d216dd047ebc');
insert into product (id, nombre, precio, descripcion, imagen, fecha_publicacion, cantidad, sent, categoria_id, usuario_id) values (101, 'Monitor Dell 24"', 229.99, 'Monitor Dell de 24" con resolución Full HD', 'monitor.jpg', '2022-09-02', 1, false, 10, '751c3611-8882-5751-9f0d-d216dd047ebc');
insert into product (id, nombre, precio, descripcion, imagen, fecha_publicacion, cantidad, sent, categoria_id, usuario_id) values (102, 'Monitor Samsung 27"', 329.99, 'Monitor Samsung de 27" con resolución QHD', 'monitor.jpg', '2022-09-03', 1, false, 10, '751c3611-8882-5751-9f0d-d216dd047ebc');
insert into product (id, nombre, precio, descripcion, imagen, fecha_publicacion, cantidad, sent, categoria_id, usuario_id) values (103, 'Monitor LG 29"', 399.99, 'Monitor LG de 29" Ultrawide con resolución Full HD', 'monitor.jpg', '2022-09-04', 1, false, 10, '751c3611-8882-5751-9f0d-d216dd047ebc');
insert into product (id, nombre, precio, descripcion, imagen, fecha_publicacion, cantidad, sent, categoria_id, usuario_id) values (104, 'Monitor ASUS 32"', 499.99, 'Monitor ASUS de 32" con resolución 4K', 'monitor.jpg', '2022-09-05', 1, false, 10, '751c3611-8882-5751-9f0d-d216dd047ebc');
insert into product (id, nombre, precio, descripcion, imagen, fecha_publicacion, cantidad, sent, categoria_id, usuario_id) values (105, 'Monitor HP 27"', 299.99, 'Monitor HP de 27" con resolución Full HD', 'monitor.jpg', '2022-09-06', 1, false, 10, '751c3611-8882-5751-9f0d-d216dd047ebc');
insert into product (id, nombre, precio, descripcion, imagen, fecha_publicacion, cantidad, sent, categoria_id, usuario_id) values (106, 'Monitor AOC 24"', 179.99, 'Monitor AOC de 24" con resolución Full HD', 'monitor.jpg', '2022-09-07', 1, false, 10, '751c3611-8882-5751-9f0d-d216dd047ebc');
insert into product (id, nombre, precio, descripcion, imagen, fecha_publicacion, cantidad, sent, categoria_id, usuario_id) values (107, 'Monitor ViewSonic 22"', 129.99, 'Monitor ViewSonic de 22" con resolución Full HD', 'monitor.jpg', '2022-09-08', 1, false, 10, '751c3611-8882-5751-9f0d-d216dd047ebc');
insert into product (id, nombre, precio, descripcion, imagen, fecha_publicacion, cantidad, sent, categoria_id, usuario_id) values (108, 'Monitor BenQ 27"', 349.99, 'Monitor BenQ de 27" con resolución QHD', 'monitor.jpg', '2022-09-09', 1, false, 10, '751c3611-8882-5751-9f0d-d216dd047ebc');
insert into product (id, nombre, precio, descripcion, imagen, fecha_publicacion, cantidad, sent, categoria_id, usuario_id) values (109, 'Monitor MSI 24"', 199.99, 'Monitor MSI de 24" con resolución Full HD', 'monitor.jpg', '2022-09-10', 1, false, 10, '751c3611-8882-5751-9f0d-d216dd047ebc');

--OTROS
--insert into product (id, nombre, precio, descripcion, imagen, fecha_publicacion, categoria_id, usuario_id) values (110, 'Portátil ASUS ROG', 1599.99, 'Portátil gaming con procesador Intel Core i7 y tarjeta gráfica NVIDIA RTX 3070', 'monitor.jpg', '2022-10-15', 1, false, 11, '751c3611-8882-5751-9f0d-d216dd047ebc');
--insert into product (id, nombre, precio, descripcion, imagen, fecha_publicacion, categoria_id, usuario_id) values (111, 'Portátil HP Spectre', 1299.99, 'Portátil ultraligero con procesador Intel Core i5 y pantalla táctil Full HD', 'monitor.jpg', '2022-10-15', 1, false, 11, '751c3611-8882-5751-9f0d-d216dd047ebc');



ALTER SEQUENCE hibernate_sequence RESTART WITH 10000;
